{
  "losses": [
    0.6318507966412528,
    0.4229309050662139,
    0.3006122596228549,
    0.2479263321898661,
    0.22255157213449744,
    0.2053512622387684,
    0.1933281771813663,
    0.1829737260212634,
    0.17398402170680247,
    0.1684997412574038,
    0.16164137505128212,
    0.1566099921445585,
    0.15117949536132733,
    0.14769921667657177,
    0.14324750870849595,
    0.140043994478498,
    0.13634137071719105,
    0.1338573670956479,
    0.13079967029742748,
    0.12847397212039105,
    0.1259949439657348,
    0.12365771156696131,
    0.12236237998268415,
    0.11996598140455332,
    0.1188050106301137,
    0.116948488847638,
    0.11490779899694109,
    0.11354082702581982,
    0.11171676077665366,
    0.11050472043713,
    0.1089855857626837,
    0.10862644644499958,
    0.10749206661978024,
    0.1060139383074788,
    0.10500799788066272,
    0.1038104623589473,
    0.10313650301055487,
    0.10342168848611565,
    0.10226065424423023,
    0.10119828353667219,
    0.10013074599314789,
    0.0988971720943415,
    0.09845365634108884,
    0.09678707217643458,
    0.09813249660801701,
    0.09690942057935517,
    0.09682361551995912,
    0.09590204049451839,
    0.09524142740490187,
    0.094312849684808
  ],
  "metrics": {
    "both": {
      "optimistic": {
        "adjusted_arithmetic_mean_rank": 0.09909408514263476,
        "adjusted_arithmetic_mean_rank_index": 0.9009256118130451,
        "adjusted_geometric_mean_rank_index": 0.9943485559640182,
        "adjusted_hits_at_k": 0.2626157014203028,
        "adjusted_inverse_harmonic_mean_rank": 0.13726307682212174,
        "arithmetic_mean_rank": 4532.497342982502,
        "count": 228828.0,
        "geometric_mean_rank": 187.95108547052774,
        "harmonic_mean_rank": 7.27907363590348,
        "hits_at_1": 0.0658573251525163,
        "hits_at_10": 0.26269949481706784,
        "hits_at_3": 0.1739385040292272,
        "hits_at_5": 0.212854196164805,
        "inverse_arithmetic_mean_rank": 0.00022062892139324979,
        "inverse_geometric_mean_rank": 0.005320533252024278,
        "inverse_harmonic_mean_rank": 0.1373801186826268,
        "inverse_median_rank": 0.004608294930875576,
        "median_absolute_deviation": 320.24207919721005,
        "median_rank": 217.0,
        "standard_deviation": 9979.386231746284,
        "variance": 99588149.56236729,
        "z_arithmetic_mean_rank": 736.3798353468779,
        "z_geometric_mean_rank": 475.8564893003882,
        "z_hits_at_k": 11784.033547221883,
        "z_inverse_harmonic_mean_rank": 15192.949207711652
      },
      "pessimistic": {
        "adjusted_arithmetic_mean_rank": 0.09909417485795295,
        "adjusted_arithmetic_mean_rank_index": 0.9009255220957655,
        "adjusted_geometric_mean_rank_index": 0.994348547933116,
        "adjusted_hits_at_k": 0.2626157014203028,
        "adjusted_inverse_harmonic_mean_rank": 0.13726305409486414,
        "arithmetic_mean_rank": 4532.501446501302,
        "count": 228828.0,
        "geometric_mean_rank": 187.95135113464303,
        "harmonic_mean_rank": 7.27907483994208,
        "hits_at_1": 0.0658573251525163,
        "hits_at_10": 0.26269949481706784,
        "hits_at_3": 0.1739385040292272,
        "hits_at_5": 0.212854196164805,
        "inverse_arithmetic_mean_rank": 0.00022062872164594968,
        "inverse_geometric_mean_rank": 0.0053205257315954504,
        "inverse_harmonic_mean_rank": 0.13738009595845246,
        "inverse_median_rank": 0.004608294930875576,
        "median_absolute_deviation": 320.24207919721005,
        "median_rank": 217.0,
        "standard_deviation": 9979.393209660206,
        "variance": 99588288.83301224,
        "z_arithmetic_mean_rank": 736.3797620156341,
        "z_geometric_mean_rank": 475.85648545711126,
        "z_hits_at_k": 11784.033547221883,
        "z_inverse_harmonic_mean_rank": 15192.946692147536
      },
      "realistic": {
        "adjusted_arithmetic_mean_rank": 0.09909413255776116,
        "adjusted_arithmetic_mean_rank_index": 0.9009255643968821,
        "adjusted_geometric_mean_rank_index": 0.9943485533520513,
        "adjusted_hits_at_k": 0.2626157014203028,
        "adjusted_inverse_harmonic_mean_rank": 0.13726306637534422,
        "arithmetic_mean_rank": 4532.49951171875,
        "count": 228828.0,
        "geometric_mean_rank": 187.951171875,
        "harmonic_mean_rank": 7.279074192047119,
        "hits_at_1": 0.0658573251525163,
        "hits_at_10": 0.26269949481706784,
        "hits_at_3": 0.1739385040292272,
        "hits_at_5": 0.212854196164805,
        "inverse_arithmetic_mean_rank": 0.00022062881907913834,
        "inverse_geometric_mean_rank": 0.005320530850440264,
        "inverse_harmonic_mean_rank": 0.13738010823726654,
        "inverse_median_rank": 0.004608294926583767,
        "median_absolute_deviation": 320.2420959472656,
        "median_rank": 217.0,
        "standard_deviation": 9979.3896484375,
        "variance": 99588224.0,
        "z_arithmetic_mean_rank": 736.3797965908409,
        "z_geometric_mean_rank": 475.8564880504026,
        "z_hits_at_k": 11784.033547221883,
        "z_inverse_harmonic_mean_rank": 15192.948051411182
      }
    },
    "head": {
      "optimistic": {
        "adjusted_arithmetic_mean_rank": 0.2102352123195863,
        "adjusted_arithmetic_mean_rank_index": 0.789784085378221,
        "adjusted_geometric_mean_rank_index": 0.943649566126007,
        "adjusted_hits_at_k": 0.056628953572161814,
        "adjusted_inverse_harmonic_mean_rank": 0.027401645765351385,
        "arithmetic_mean_rank": 8604.157166081073,
        "count": 114414.0,
        "geometric_mean_rank": 1658.8483332025826,
        "harmonic_mean_rank": 36.298790482873954,
        "hits_at_1": 0.0075515234149667,
        "hits_at_10": 0.056750048071040254,
        "hits_at_3": 0.033815791773733984,
        "hits_at_5": 0.04420787665845089,
        "inverse_arithmetic_mean_rank": 0.00011622288862204373,
        "inverse_geometric_mean_rank": 0.0006028278655646559,
        "inverse_harmonic_mean_rank": 0.02754912730416755,
        "inverse_median_rank": 0.00033852403520649965,
        "median_absolute_deviation": 4293.6160247922235,
        "median_rank": 2954.0,
        "standard_deviation": 12705.825985333764,
        "variance": 161438013.96958274,
        "z_arithmetic_mean_rank": 453.4758153064315,
        "z_geometric_mean_rank": 319.2887905577645,
        "z_hits_at_k": 1690.5613414859351,
        "z_inverse_harmonic_mean_rank": 2017.9248282961312
      },
      "pessimistic": {
        "adjusted_arithmetic_mean_rank": 0.2102353942718859,
        "adjusted_arithmetic_mean_rank_index": 0.7897839034214753,
        "adjusted_geometric_mean_rank_index": 0.9436494555763852,
        "adjusted_hits_at_k": 0.056628953572161814,
        "adjusted_inverse_harmonic_mean_rank": 0.027401607745094557,
        "arithmetic_mean_rank": 8604.16461272222,
        "count": 114414.0,
        "geometric_mean_rank": 1658.8515856088861,
        "harmonic_mean_rank": 36.298840570920426,
        "hits_at_1": 0.0075515234149667,
        "hits_at_10": 0.056750048071040254,
        "hits_at_3": 0.033815791773733984,
        "hits_at_5": 0.04420787665845089,
        "inverse_arithmetic_mean_rank": 0.00011622278803469058,
        "inverse_geometric_mean_rank": 0.0006028266836378537,
        "inverse_harmonic_mean_rank": 0.027549089289675983,
        "inverse_median_rank": 0.00033852403520649965,
        "median_absolute_deviation": 4293.6160247922235,
        "median_rank": 2954.0,
        "standard_deviation": 12705.834263886574,
        "variance": 161438224.3413541,
        "z_arithmetic_mean_rank": 453.4757108310628,
        "z_geometric_mean_rank": 319.2887531527189,
        "z_hits_at_k": 1690.5613414859351,
        "z_inverse_harmonic_mean_rank": 2017.9220283905747
      },
      "realistic": {
        "adjusted_arithmetic_mean_rank": 0.21023530924327188,
        "adjusted_arithmetic_mean_rank_index": 0.789783988452167,